{
  "feature_names": [
    "base_lap_time",
    "pit_lane_time",
    "track_temp",
    "total_laps",
    "start_soft",
    "start_medium",
    "start_hard",
    "pit_count",
    "laps_soft",
    "laps_medium",
    "laps_hard",
    "age_sum_soft",
    "age_sum_medium",
    "age_sum_hard",
    "age_sq_sum_soft",
    "age_sq_sum_medium",
    "age_sq_sum_hard",
    "last_soft",
    "last_medium",
    "last_hard",
    "stint_count",
    "avg_pit_lap",
    "first_pit_early",
    "driver_D001",
    "driver_D002",
    "driver_D003",
    "driver_D004",
    "driver_D005",
    "driver_D006",
    "driver_D007",
    "driver_D008",
    "driver_D009",
    "driver_D010",
    "driver_D011",
    "driver_D012",
    "driver_D013",
    "driver_D014",
    "driver_D015",
    "driver_D016",
    "driver_D017",
    "driver_D018",
    "driver_D019",
    "driver_D020"
  ],
  "weights": [
    0.0,
    0.0,
    0.0,
    0.0,
    0.005714544916763547,
    -0.0009992888643303305,
    -0.004715256052433209,
    -0.0014936596298571355,
    0.06575263075863239,
    -0.02550903785489721,
    -0.04024359290373516,
    0.1911819942465958,
    0.07561016894622227,
    -0.186552644991626,
    -1.9032929126948614,
    -0.49575402250469164,
    -0.20915576219162937,
    0.003591209329712579,
    -0.0051294821997432535,
    0.0015382728700307066,
    -0.0014936596298571355,
    -0.06465729083853802,
    0.003288582445888149,
    0.0001651041792969177,
    0.0005898059446922156,
    0.0003341136780907592,
    -4.543839275616684e-05,
    0.00015243387209340871,
    0.0002786480562427351,
    -0.00021837498411286858,
    0.00030761401118473575,
    -5.509514518522579e-05,
    -0.0004674874642896331,
    -0.00012859938386399538,
    -0.00012274398402209195,
    0.0003767878786774419,
    0.00011100324217695687,
    -0.0001971426450051828,
    0.00014357118145951056,
    -0.0003192380186238018,
    -0.0002509556822117854,
    -0.00024351042325605385,
    -0.00041049592058787815
  ],
  "bias": 74.74534444939603
}