{
  "temp_reference": 29.939023971557617,
  "compounds": {
    "SOFT": {
      "base_offset": -1.4035584926605225,
      "grace_laps": 5,
      "deg_linear": 0.4977607727050781,
      "deg_quadratic": 0.006778980139642954,
      "temp_base_coeff": -0.020250041037797928,
      "temp_deg_coeff": 0.0028883307240903378
    },
    "MEDIUM": {
      "base_offset": -0.4187972843647003,
      "grace_laps": 2,
      "deg_linear": 0.05178510397672653,
      "deg_quadratic": 0.004067822825163603,
      "temp_base_coeff": -0.009418410249054432,
      "temp_deg_coeff": 0.0
    },
    "HARD": {
      "base_offset": 0.4065588414669037,
      "grace_laps": 3,
      "deg_linear": 0.04001002758741379,
      "deg_quadratic": 0.0006770821055397391,
      "temp_base_coeff": -0.00010617360385367647,
      "temp_deg_coeff": 0.0008753075380809605
    }
  }
}