{
  "temp_reference": 30.130699157714844,
  "compounds": {
    "SOFT": {
      "base_offset": -1.419474720954895,
      "grace_laps": 6,
      "deg_linear": 0.6009108424186707,
      "deg_quadratic": 0.009921849705278873,
      "temp_base_coeff": -0.011821487918496132,
      "temp_deg_coeff": 0.004147009924054146
    },
    "MEDIUM": {
      "base_offset": -0.3873792588710785,
      "grace_laps": 2,
      "deg_linear": 0.0,
      "deg_quadratic": 0.006504107732325792,
      "temp_base_coeff": -0.01972685009241104,
      "temp_deg_coeff": 0.0015982334734871984
    },
    "HARD": {
      "base_offset": 0.32930806279182434,
      "grace_laps": 3,
      "deg_linear": 0.011090662330389023,
      "deg_quadratic": 0.0010615752544254065,
      "temp_base_coeff": -0.016952920705080032,
      "temp_deg_coeff": 0.0005793061573058367
    }
  }
}