{
  "temp_reference": 29.944968473949974,
  "fresh_tire_penalty": 0.10891582260505919,
  "pre_pit_lap_offset": 0.07517058807563878,
  "post_pit_lap_offset": -0.047322189849781836,
  "compounds": {
    "SOFT": {
      "base_offset": -1.7374879673159225,
      "grace_laps": 5,
      "deg_linear": 0.5494220475636918,
      "deg_quadratic": 0.009676820425666031,
      "temp_base_coeff": -0.005953537146540325,
      "temp_deg_coeff": 0.005134799018833348,
      "late_start": 78,
      "late_deg_linear": 0.00101956833362472
    },
    "MEDIUM": {
      "base_offset": -0.4014349299121378,
      "grace_laps": 2,
      "deg_linear": 0.0,
      "deg_quadratic": 0.006765179843500453,
      "temp_base_coeff": -0.005769285258303289,
      "temp_deg_coeff": 0.0015563548225951615,
      "late_start": 80,
      "late_deg_linear": 0.0028862376178759837
    },
    "HARD": {
      "base_offset": 0.49084377736314616,
      "grace_laps": 3,
      "deg_linear": 0.011229293592857625,
      "deg_quadratic": 0.0017428966129230063,
      "temp_base_coeff": -0.0031441543904000974,
      "temp_deg_coeff": 0.0004922095455588414,
      "late_start": 78,
      "late_deg_linear": 0.0
    }
  }
}